id,first_name,last_name,email,gender,shirt_size,favourite_colour
1,Bastien,Steabler,bsteabler0@who.int,Male,XL,Crimson
2,Damiano,Trappe,dtrappe1@bravesites.com,Male,XS,Violet
3,Hurlee,Bentje,hbentje2@google.com.hk,Male,2XL,Orange
4,Esmaria,Wrassell,ewrassell3@newsvine.com,Female,2XL,Teal
5,Karon,Biddle,kbiddle4@cocolog-nifty.com,Female,XL,Pink
6,Marinna,Trowsdale,mtrowsdale5@zdnet.com,Female,,
7,Rosella,Spiby,rspiby6@ycombinator.com,Female,2XL,Puce
8,Alano,McElory,amcelory7@usda.gov,Male,M,Puce
9,Lyn,Geist,lgeist8@gov.uk,Male,M,Blue
10,Gabrila,Ellum,gellum9@artisteer.com,Female,XS,Violet
11,Claudianus,Swett,cswetta@seattletimes.com,Male,XL,Turquoise
12,Audra,Deme,ademeb@qq.com,Female,,
13,Ian,O'Fallowne,iofallownec@eepurl.com,Male,S,Puce
14,,Regina,breginad@drupal.org,Female,2XL,Blue
15,Corenda,Cowle,ccowlee@google.co.uk,Female,L,Crimson
16,Caty,Cator,ccatorf@odnoklassniki.ru,Female,3XL,Blue
17,Stern,De Bernardi,sdebernardig@csmonitor.com,Male,XL,Purple
18,Larisa,Siddons,lsiddonsh@yelp.com,Female,S,Red
19,Eddy,Garner,egarneri@godaddy.com,Male,L,Aquamarine
20,Bondon,Springford,bspringfordj@google.ru,Male,,
21,Kenn,Tremethack,ktremethackk@tinypic.com,Male,2XL,Maroon
22,Wendie,Arnholz,warnholzl@devhub.com,Female,M,Purple
23,,McGarva,dmcgarvam@ibm.com,Female,2XL,Orange
24,Sylvester,O'Leagham,soleaghamn@shutterfly.com,Male,2XL,Khaki
25,Grazia,Ladds,gladdso@nih.gov,Female,L,Green
26,Agnese,Fills,afillsp@japanpost.jp,Female,,
27,Danyelle,Nulty,dnultyq@ebay.com,Female,2XL,Turquoise
28,Fowler,Bennell,fbennellr@chicagotribune.com,Male,,
29,,Cridlan,hcridlans@ocn.ne.jp,Male,3XL,Orange
30,Jocelin,Truin,jtruint@indiatimes.com,Female,XS,Crimson
31,Dulcie,Lanham,dlanhamu@ocn.ne.jp,Female,L,Violet
32,Nilson,Beddow,nbeddowv@stumbleupon.com,Male,,
33,Pattin,Jentzsch,pjentzschw@sitemeter.com,Male,2XL,Violet
34,Flossi,Dominique,fdominiquex@ed.gov,Female,S,Purple
35,Ninon,Withringten,nwithringteny@upenn.edu,Female,XL,Indigo
36,Gamaliel,Le-Good,glegoodz@sakura.ne.jp,Male,2XL,Maroon
37,Morena,Whorf,mwhorf10@reverbnation.com,Female,M,Green
38,Cletis,Roy,croy11@wired.com,Male,XS,Fuscia
39,Alexis,Kirtlan,akirtlan12@phoca.cz,Female,L,Mauv
40,Pierce,Ransbury,pransbury13@discuz.net,Male,2XL,Crimson
41,Nichols,Leavesley,nleavesley14@un.org,Male,3XL,Blue
42,Eldon,Samarth,esamarth15@blogs.com,Male,XS,Crimson
43,Arch,Threadkell,athreadkell16@ox.ac.uk,Male,M,Yellow
44,Cchaddie,Rosenhaus,crosenhaus17@163.com,Male,S,Crimson
45,,Felipe,rfelipe18@soup.io,Male,XL,Orange
46,Maisie,Lidgett,mlidgett19@cnet.com,Female,,
47,Blanca,Boulton,bboulton1a@mtv.com,Female,2XL,Maroon
48,Anthe,Joyce,ajoyce1b@about.me,Female,,
49,Celene,Spedding,cspedding1c@seattletimes.com,Female,L,Fuscia
50,,Bevens,tbevens1d@sitemeter.com,Female,S,Purple
51,Clary,Sunners,csunners1e@sohu.com,Female,2XL,Orange
52,Caz,Formie,cformie1f@miibeian.gov.cn,Male,M,Mauv
53,Shayla,Beckett,sbeckett1g@rambler.ru,Female,3XL,Red
54,Ertha,Karolczyk,ekarolczyk1h@cdc.gov,Female,XL,Aquamarine
55,Barty,Shanahan,bshanahan1i@whitehouse.gov,Male,L,Teal
56,Ripley,Godsafe,rgodsafe1j@businessinsider.com,Male,XL,Yellow
57,Duke,Narey,dnarey1k@spotify.com,Male,XS,Khaki
58,Loni,Taber,ltaber1l@foxnews.com,Female,M,Aquamarine
59,Pete,Hemphill,phemphill1m@posterous.com,Male,L,Violet
60,Haze,Feld,hfeld1n@home.pl,Male,L,Violet
61,Wyatt,Marcoolyn,wmarcoolyn1o@google.ru,Male,2XL,Green
62,Dorrie,Kuna,dkuna1p@cbc.ca,Female,2XL,Turquoise
63,Krystyna,Bamborough,kbamborough1q@nbcnews.com,Female,S,Teal
64,Arman,Le Barr,alebarr1r@blogger.com,Male,M,Green
65,Coraline,Lockley,clockley1s@pen.io,Female,,
66,Budd,Piddington,bpiddington1t@house.gov,Male,2XL,Violet
67,Far,Attac,fattac1u@redcross.org,Male,S,Green
68,Rourke,Howell,rhowell1v@state.gov,Male,L,Maroon
69,Kizzee,Goodlud,kgoodlud1w@yelp.com,Female,M,Green
70,Ardyth,Penwright,apenwright1x@example.com,Female,XL,Red
71,Hally,Kleint,hkleint1y@storify.com,Female,M,Aquamarine
72,Frank,Blooman,fblooman1z@dailymail.co.uk,Female,3XL,Fuscia
73,Gay,Shepperd,gshepperd20@rediff.com,Male,XS,Blue
74,Zsa zsa,Connar,zconnar21@apple.com,Female,S,Violet
75,Desiri,Tichelaar,dtichelaar22@columbia.edu,Female,L,Orange
76,Clo,Mochan,cmochan23@hostgator.com,Female,S,Violet
77,Lucine,De Domenicis,ldedomenicis24@twitpic.com,Female,XS,Turquoise
78,Ximenes,Waterson,xwaterson25@google.ru,Male,M,Fuscia
79,Caril,Leathart,cleathart26@shop-pro.jp,Female,M,Crimson
80,Jaclin,Eden,jeden27@google.cn,Female,S,Pink
81,Torey,Mowle,tmowle28@meetup.com,Male,XS,Pink
82,Brnaby,Eldredge,beldredge29@sitemeter.com,Male,XS,Puce
83,Dare,Meechan,dmeechan2a@about.me,Male,,
84,Chickie,Cartmael,ccartmael2b@apache.org,Male,L,Crimson
85,Wendy,Chalker,wchalker2c@purevolume.com,Female,XS,Fuscia
86,Tedie,Bromet,tbromet2d@google.com.br,Male,XL,Aquamarine
87,Roddie,Lassey,rlassey2e@chron.com,Male,3XL,Khaki
88,Anabelle,Gascoyne,agascoyne2f@nationalgeographic.com,Female,,
89,Skipton,Vogl,svogl2g@hp.com,Male,L,Mauv
90,Lesley,Cheers,lcheers2h@etsy.com,Male,,
91,Stavro,Pleager,spleager2i@i2i.jp,Male,L,Crimson
92,Jasen,Witty,jwitty2j@adobe.com,Male,L,Puce
93,Joelynn,Dreini,jdreini2k@bizjournals.com,Female,2XL,Indigo
94,,Rowlings,wrowlings2l@bluehost.com,Male,,
95,Kissie,Fane,kfane2m@yelp.com,Female,XS,Khaki
96,Ina,Drowsfield,idrowsfield2n@g.co,Female,XS,Blue
97,Tessa,Ostrich,tostrich2o@uol.com.br,Female,XS,Green
98,Maitilde,Honisch,mhonisch2p@google.com,Female,S,Purple
99,Perren,Abbys,pabbys2q@ihg.com,Male,2XL,Indigo
100,Roby,Colleymore,rcolleymore2r@sogou.com,Female,M,Yellow
101,Alwyn,Sturch,asturch2s@redcross.org,Male,XL,Orange
102,Madison,Pratton,mpratton2t@cbslocal.com,Male,S,Maroon
103,,Kinningley,zkinningley2u@washingtonpost.com,Male,M,Violet
104,Finley,Bowhay,fbowhay2v@symantec.com,Male,L,Pink
105,Connie,Spowage,cspowage2w@redcross.org,Female,S,Red
106,Karlyn,Varnham,kvarnham2x@phoca.cz,Female,XS,Violet
107,Haley,Sainte Paul,hsaintepaul2y@amazonaws.com,Female,,
108,Trev,Rubinov,trubinov2z@mac.com,Male,2XL,Red
109,Melantha,Forster,mforster30@house.gov,Female,L,Puce
110,Oberon,Annable,oannable31@ebay.co.uk,Male,S,Blue
111,Rinaldo,Doey,rdoey32@csmonitor.com,Male,M,Mauv
112,,Seaton,yseaton33@narod.ru,Male,XL,Turquoise
113,Gus,Chaperling,gchaperling34@seattletimes.com,Female,S,Red
114,Ida,Cawsy,icawsy35@virginia.edu,Female,L,Yellow
115,Rance,Hazeman,rhazeman36@stanford.edu,Male,M,Blue
116,,Caffery,mcaffery37@tinyurl.com,Female,XL,Fuscia
117,Emelyne,Dowtry,edowtry38@elegantthemes.com,Female,XS,Purple
118,Sander,Janecek,sjanecek39@ycombinator.com,Male,3XL,Aquamarine
119,Yetty,Iapico,yiapico3a@prlog.org,Female,2XL,Crimson
120,Trix,Coakley,tcoakley3b@hao123.com,Female,M,Puce
121,Lothario,Jodrellec,ljodrellec3c@ted.com,Male,S,Purple
122,Anderea,Brokenbrow,abrokenbrow3d@illinois.edu,Female,XL,Red
123,Randall,Caldroni,rcaldroni3e@ibm.com,Male,2XL,Pink
124,Finley,Minot,fminot3f@google.it,Male,M,Yellow
125,Yurik,Najera,ynajera3g@xrea.com,Male,L,Goldenrod
126,Leelah,Cutten,lcutten3h@imdb.com,Female,,
127,Lila,Caplen,lcaplen3i@spiegel.de,Female,XL,Goldenrod
128,Hadleigh,Chaloner,hchaloner3j@about.com,Male,M,Fuscia
129,Cammy,Russi,crussi3k@ifeng.com,Male,3XL,Red
130,Egbert,Irwin,eirwin3l@nymag.com,Male,2XL,Indigo
131,Allissa,Asty,aasty3m@engadget.com,Female,S,Teal
132,Marika,Partkya,mpartkya3n@parallels.com,Female,L,Green
133,Cash,Rudolfer,crudolfer3o@bing.com,Male,L,Crimson
134,Noreen,Golbourn,ngolbourn3p@example.com,Female,S,Aquamarine
135,Fifi,Cockerill,fcockerill3q@umich.edu,Female,XS,Pink
136,Jacki,Wraight,jwraight3r@dedecms.com,Female,,
137,Sky,Ramet,sramet3s@slate.com,Male,XL,Teal
138,Kara-lynn,Chetwind,kchetwind3t@google.com.au,Female,M,Teal
139,Morley,Megahey,mmegahey3u@privacy.gov.au,Male,S,Red
140,Joscelin,Deeny,jdeeny3v@reddit.com,Female,XL,Crimson
141,Averill,Baudry,abaudry3w@feedburner.com,Male,XS,Pink
142,Owen,Hegge,ohegge3x@ning.com,Male,3XL,Aquamarine
143,Doralynne,Voaden,dvoaden3y@rakuten.co.jp,Female,L,Aquamarine
144,Francisco,Grzeszczyk,fgrzeszczyk3z@nature.com,Male,L,Yellow
145,,Hassett,ghassett40@macromedia.com,Male,S,Puce
146,,Aleksich,taleksich41@eventbrite.com,Male,S,Purple
147,Marni,Shallow,mshallow42@squidoo.com,Female,3XL,Turquoise
148,,Clewett,eclewett43@yelp.com,Male,M,Pink
149,Pamella,Corran,pcorran44@cornell.edu,Female,XS,Mauv
150,Johannes,Avann,javann45@mediafire.com,Male,2XL,Violet
151,Siouxie,Hasling,shasling46@wikia.com,Female,3XL,Yellow
152,Lanny,Pancoust,lpancoust47@merriam-webster.com,Male,XL,Indigo
153,Miquela,Waddingham,mwaddingham48@java.com,Female,S,Maroon
154,Marjorie,Sperling,msperling49@imageshack.us,Female,XL,Violet
155,Wye,Biddlestone,wbiddlestone4a@google.es,Male,3XL,Goldenrod
156,Lib,Didball,ldidball4b@soundcloud.com,Female,XL,Fuscia
157,,Tax,btax4c@yale.edu,Male,3XL,Teal
158,Corliss,Hannum,channum4d@discovery.com,Female,XS,Aquamarine
159,Niall,Sterzaker,nsterzaker4e@mozilla.com,Male,M,Purple
160,Elizabet,Brumfield,ebrumfield4f@omniture.com,Female,,
161,Rae,Pruce,rpruce4g@github.com,Female,XL,Blue
162,Kristien,Kielty,kkielty4h@sina.com.cn,Female,L,Purple
163,Salli,Barge,sbarge4i@ftc.gov,Female,XS,Green
164,Westleigh,Joust,wjoust4j@wiley.com,Male,3XL,Orange
165,Howard,Chalke,hchalke4k@123-reg.co.uk,Male,3XL,Mauv
166,Monty,Feige,mfeige4l@dion.ne.jp,Male,S,Mauv
167,Giffard,Galvan,ggalvan4m@google.pl,Male,S,Maroon
168,Eddy,England,eengland4n@networksolutions.com,Male,L,Crimson
169,Kellen,Ferrand,kferrand4o@exblog.jp,Female,3XL,Mauv
170,Raine,Kennet,rkennet4p@yahoo.com,Female,,
171,Joell,Yanyshev,jyanyshev4q@sourceforge.net,Female,M,Teal
172,Tulley,Whittington,twhittington4r@cdc.gov,Male,S,Purple
173,Chris,Harpur,charpur4s@epa.gov,Female,L,Teal
174,Gretna,Pimm,gpimm4t@delicious.com,Female,L,Green
175,Angelo,Colthurst,acolthurst4u@msn.com,Male,M,Turquoise
176,,O' Ronan,aoronan4v@nhs.uk,Male,S,Yellow
177,Robinett,de Grey,rdegrey4w@cargocollective.com,Female,S,Violet
178,Herculie,Aitchison,haitchison4x@gravatar.com,Male,3XL,Maroon
179,Lyndsey,May,lmay4y@geocities.com,Female,XS,Violet
180,Mora,Robertacci,mrobertacci4z@phpbb.com,Female,XL,Puce
181,Fawn,De Meyer,fdemeyer50@barnesandnoble.com,Female,M,Pink
182,Whitney,Chislett,wchislett51@icq.com,Female,S,Puce
183,Millisent,Freeman,mfreeman52@mail.ru,Female,L,Red
184,Rand,Maybery,rmaybery53@cloudflare.com,Male,S,Turquoise
185,Barde,Nobles,bnobles54@xinhuanet.com,Male,XL,Fuscia
186,Bianka,Swayne,bswayne55@theglobeandmail.com,Female,,
187,Robby,Spleving,rspleving56@squidoo.com,Male,XS,Crimson
188,Paddy,Kinny,pkinny57@pcworld.com,Male,2XL,Indigo
189,Morris,Wooland,mwooland58@sohu.com,Male,3XL,Red
190,Heda,Theakston,htheakston59@trellian.com,Female,2XL,Mauv
191,Pepe,Waycott,pwaycott5a@tuttocitta.it,Male,2XL,Red
192,Idelle,Bencher,ibencher5b@state.tx.us,Female,XL,Purple
193,Clem,Birkwood,cbirkwood5c@redcross.org,Male,S,Green
194,Ginger,Scorey,gscorey5d@tripadvisor.com,Male,2XL,Turquoise
195,Goldie,Antyshev,gantyshev5e@bing.com,Female,L,Khaki
196,Terri,Calam,tcalam5f@barnesandnoble.com,Female,3XL,Blue
197,Krysta,Handes,khandes5g@yelp.com,Female,,
198,Winnah,Kamall,wkamall5h@google.com.br,Female,2XL,Indigo
199,Norene,Andrich,nandrich5i@fastcompany.com,Female,L,Purple
200,Britt,Letrange,bletrange5j@istockphoto.com,Female,M,Teal
201,Bo,Arnold,barnold5k@quantcast.com,Male,L,Fuscia
202,Roseanne,Mithon,rmithon5l@jalbum.net,Female,L,Violet
203,Russ,Martinat,rmartinat5m@unesco.org,Male,XS,Puce
204,Ellis,Snoden,esnoden5n@economist.com,Male,3XL,Fuscia
205,Corly,Marcussen,cmarcussen5o@chron.com,Female,2XL,Mauv
206,Myrlene,Lambird,mlambird5p@reference.com,Female,XS,Puce
207,Wells,Ledstone,wledstone5q@1688.com,Male,,
208,Andeee,Jencken,ajencken5r@bloglovin.com,Female,L,Mauv
209,Liza,Worsfield,lworsfield5s@cdc.gov,Female,XS,Blue
210,Hartwell,Malyj,hmalyj5t@globo.com,Male,S,Pink
211,Brantley,Wooton,bwooton5u@dailymail.co.uk,Male,3XL,Green
212,Wanids,MacNaughton,wmacnaughton5v@reuters.com,Female,L,Red
213,Rosmunda,Webbe,rwebbe5w@drupal.org,Female,L,Pink
214,Dore,Woodbridge,dwoodbridge5x@tmall.com,Male,2XL,Turquoise
215,Carroll,Greenhow,cgreenhow5y@gizmodo.com,Female,XL,Fuscia
216,Marabel,Bonar,mbonar5z@springer.com,Female,XS,Goldenrod
217,Balduin,Aizikowitz,baizikowitz60@addtoany.com,Male,S,Mauv
218,Deidre,Dockrey,ddockrey61@t-online.de,Female,M,Blue
219,Adam,Manthorpe,amanthorpe62@nationalgeographic.com,Male,L,Teal
220,Lay,Longford,llongford63@oakley.com,Male,M,Turquoise
221,Kerrill,Goodband,kgoodband64@list-manage.com,Female,S,Green
222,Mindy,O'Bradden,mobradden65@ihg.com,Female,2XL,Aquamarine
223,Gussy,MacAnespie,gmacanespie66@merriam-webster.com,Female,XS,Teal
224,Simone,Bevens,sbevens67@cnn.com,Male,S,Aquamarine
225,Sim,Frake,sfrake68@abc.net.au,Male,XL,Yellow
226,Terrel,Gammidge,tgammidge69@last.fm,Male,M,Blue
227,Viviene,Allone,vallone6a@symantec.com,Female,3XL,Mauv
228,Leonelle,Greensides,lgreensides6b@unblog.fr,Female,XS,Crimson
229,Ephraim,Aps,eaps6c@ebay.com,Male,XS,Indigo
230,Tonia,Mingaud,tmingaud6d@smh.com.au,Female,XL,Fuscia
231,Marlyn,Brislawn,mbrislawn6e@unicef.org,Female,XS,Maroon
232,Amos,Ivanaev,aivanaev6f@creativecommons.org,Male,M,Maroon
233,Trista,Cullin,tcullin6g@hostgator.com,Female,,
234,Freemon,Merriment,fmerriment6h@booking.com,Male,,
235,Olin,Plaide,oplaide6i@usatoday.com,Male,XS,Pink
236,Eric,Spadoni,espadoni6j@wikimedia.org,Male,XL,Green
237,Melina,Di Iorio,mdiiorio6k@mtv.com,Female,M,Teal
238,Cristina,Harg,charg6l@bravesites.com,Female,3XL,Pink
239,Lars,Camplejohn,lcamplejohn6m@studiopress.com,Male,XL,Aquamarine
240,,Barrack,cbarrack6n@skyrock.com,Female,S,Purple
241,Hercules,Venn,hvenn6o@blogtalkradio.com,Male,3XL,Puce
242,Clement,Bysh,cbysh6p@marketwatch.com,Male,S,Khaki
243,Corinna,Srutton,csrutton6q@4shared.com,Female,XL,Pink
244,Kerr,Dooley,kdooley6r@tinyurl.com,Male,S,Red
245,Patrica,Andrichak,pandrichak6s@yelp.com,Female,3XL,Pink
246,Ruthi,Maylor,rmaylor6t@alexa.com,Female,XS,Turquoise
247,Ofella,Davidovics,odavidovics6u@google.co.uk,Female,XS,Fuscia
248,Alecia,Diplock,adiplock6v@weebly.com,Female,M,Pink
249,Xymenes,Philippsohn,xphilippsohn6w@blinklist.com,Male,S,Khaki
250,Maren,Cornil,mcornil6x@unc.edu,Female,M,Orange
251,Earlie,Harper,eharper6y@mashable.com,Male,XS,Aquamarine
252,Kinnie,Cavy,kcavy6z@google.pl,Male,L,Teal
253,Sallee,Reignolds,sreignolds70@mozilla.org,Female,M,Orange
254,Austen,Nell,anell71@usnews.com,Male,3XL,Maroon
255,Shir,Oultram,soultram72@topsy.com,Female,2XL,Khaki
256,Mari,Jone,mjone73@mlb.com,Female,3XL,Teal
257,,Ritch,britch74@ifeng.com,Female,M,Khaki
258,Ursula,Ziemsen,uziemsen75@skyrock.com,Female,S,Yellow
259,Garrott,Yakovlev,gyakovlev76@list-manage.com,Male,L,Blue
260,Catie,Elies,celies77@123-reg.co.uk,Female,XS,Mauv
261,Lyndel,O' Clovan,loclovan78@netscape.com,Female,M,Pink
262,Mordecai,Jell,mjell79@freewebs.com,Male,L,Fuscia
263,Margalo,Robers,mrobers7a@bloglovin.com,Female,M,Maroon
264,Lise,Brunicke,lbrunicke7b@china.com.cn,Female,XL,Blue
265,Paulette,Stallebrass,pstallebrass7c@dedecms.com,Female,S,Turquoise
266,Alison,Bettenson,abettenson7d@msn.com,Female,XS,Blue
267,Erminie,Marushak,emarushak7e@topsy.com,Female,3XL,Maroon
268,Esmaria,Swanson,eswanson7f@cafepress.com,Female,M,Red
269,Chas,Merwe,cmerwe7g@technorati.com,Male,,
270,Stan,Veall,sveall7h@engadget.com,Male,XL,Violet
271,Kalila,Dicky,kdicky7i@buzzfeed.com,Female,2XL,Crimson
272,Fernandina,Tolemache,ftolemache7j@surveymonkey.com,Female,M,Yellow
273,Dino,Haliday,dhaliday7k@amazon.co.jp,Male,2XL,Indigo
274,Carmon,Cubbini,ccubbini7l@noaa.gov,Female,M,Indigo
275,Teddi,Ferraron,tferraron7m@fc2.com,Female,M,Green
276,Suzy,Liepmann,sliepmann7n@geocities.jp,Female,2XL,Violet
277,Leshia,Stringman,lstringman7o@shop-pro.jp,Female,L,Purple
278,Darin,Ancliff,dancliff7p@t.co,Male,XS,Goldenrod
279,Kimberley,Nuscha,knuscha7q@whitehouse.gov,Female,3XL,Red
280,Farlay,Kubala,fkubala7r@ask.com,Male,M,Green
281,Jocko,Stidston,jstidston7s@sphinn.com,Male,S,Indigo
282,Aldous,Owtram,aowtram7t@cornell.edu,Male,S,Mauv
283,Shelby,Burwin,sburwin7u@independent.co.uk,Male,M,Aquamarine
284,Kinna,Aikin,kaikin7v@theguardian.com,Female,XL,Green
285,Zonnya,Kleehuhler,zkleehuhler7w@multiply.com,Female,3XL,Orange
286,Florina,Kornilov,fkornilov7x@flickr.com,Female,L,Fuscia
287,Yul,Meaker,ymeaker7y@theglobeandmail.com,Male,M,Teal
288,Laird,Moughtin,lmoughtin7z@acquirethisname.com,Male,M,Khaki
289,Janean,Shorter,jshorter80@wunderground.com,Female,2XL,Indigo
290,Garland,Serrurier,gserrurier81@apple.com,Female,2XL,Turquoise
291,Jaclin,Merrywether,jmerrywether82@salon.com,Female,M,Yellow
292,Tucker,Arsmith,tarsmith83@psu.edu,Male,M,Violet
293,Doloritas,Redgrave,dredgrave84@studiopress.com,Female,3XL,Purple
294,Caresse,Caistor,ccaistor85@irs.gov,Female,2XL,Khaki
295,Micky,Figgins,mfiggins86@nytimes.com,Male,L,Green
296,Hubie,Ronayne,hronayne87@xing.com,Male,3XL,Fuscia
297,Kurt,Leivers,kleivers88@sitemeter.com,Male,3XL,Maroon
298,Wendi,Harbard,wharbard89@slideshare.net,Female,2XL,Maroon
299,Melisa,Elleton,melleton8a@blogspot.com,Female,,
300,Ursulina,Espinoza,uespinoza8b@chicagotribune.com,Female,XL,Puce
301,Chancey,Bennen,cbennen8c@google.ru,Male,3XL,Pink
302,Cass,Wessel,cwessel8d@usnews.com,Male,,
303,Cristal,Renard,crenard8e@tuttocitta.it,Female,XS,Crimson
304,Allin,Skuse,askuse8f@w3.org,Male,M,Crimson
305,Nona,Nerne,nnerne8g@admin.ch,Female,3XL,Khaki
306,Nedda,Satteford,nsatteford8h@dell.com,Female,XL,Mauv
307,Ryley,Farfoot,rfarfoot8i@yolasite.com,Male,M,Red
308,Clea,Kedie,ckedie8j@salon.com,Female,,
309,,Rowlin,crowlin8k@ft.com,Female,L,Violet
310,Audie,Kun,akun8l@gov.uk,Female,M,Pink
311,Marijo,Negri,mnegri8m@artisteer.com,Female,2XL,Teal
312,Lotty,Biagi,lbiagi8n@istockphoto.com,Female,3XL,Violet
313,Hale,Golden,hgolden8o@hugedomains.com,Male,,
314,Bronson,Ferby,bferby8p@ask.com,Male,XL,Crimson
315,Elsbeth,Pappin,epappin8q@archive.org,Female,M,Fuscia
316,Skipton,Loveless,sloveless8r@blogspot.com,Male,M,Violet
317,Nerissa,Benneyworth,nbenneyworth8s@goo.gl,Female,2XL,Green
318,Gae,Titcombe,gtitcombe8t@gmpg.org,Female,XL,Teal
319,Melessa,Prisley,mprisley8u@liveinternet.ru,Female,M,Orange
320,Tomas,Plume,tplume8v@pcworld.com,Male,L,Orange
321,Valdemar,Stearnes,vstearnes8w@ehow.com,Male,3XL,Violet
322,Regan,Pollitt,rpollitt8x@yahoo.co.jp,Female,S,Pink
323,Arlen,Thumnel,athumnel8y@fc2.com,Male,L,Turquoise
324,Kristien,Welsh,kwelsh8z@spotify.com,Female,S,Turquoise
325,Ignazio,Maddaford,imaddaford90@bing.com,Male,2XL,Fuscia
326,Arvie,Ferretti,aferretti91@about.com,Male,3XL,Aquamarine
327,Salomo,Chopy,schopy92@google.co.uk,Male,L,Purple
328,Luise,Downe,ldowne93@bigcartel.com,Female,S,Indigo
329,Lucille,Surgenor,lsurgenor94@ft.com,Female,XS,Mauv
330,Ikey,Quinney,iquinney95@de.vu,Male,3XL,Mauv
331,Deane,Janssen,djanssen96@boston.com,Male,2XL,Pink
332,,Fingleton,tfingleton97@yellowpages.com,Male,L,Puce
333,Vivianna,O'Malley,vomalley98@wikimedia.org,Female,L,Fuscia
334,Daphne,Toffel,dtoffel99@yale.edu,Female,L,Mauv
335,Morse,Dedman,mdedman9a@wordpress.com,Male,3XL,Violet
336,Mace,Kightly,mkightly9b@gizmodo.com,Male,3XL,Turquoise
337,Christyna,Braidford,cbraidford9c@google.com.au,Female,2XL,Mauv
338,Shaine,Barnish,sbarnish9d@pbs.org,Female,2XL,Green
339,Kahaleel,Blance,kblance9e@de.vu,Male,XL,Aquamarine
340,Cleveland,Comber,ccomber9f@purevolume.com,Male,L,Violet
341,,Long,jlong9g@cisco.com,Male,2XL,Red
342,Nessi,Malden,nmalden9h@topsy.com,Female,3XL,Green
343,,Killich,ikillich9i@networksolutions.com,Male,XL,Orange
344,Vin,Cutchey,vcutchey9j@paypal.com,Male,3XL,Fuscia
345,Heddie,Bonner,hbonner9k@huffingtonpost.com,Female,M,Maroon
346,Meta,Mc Elory,mmcelory9l@newsvine.com,Female,L,Green
347,Aubrette,Hollingsbee,ahollingsbee9m@yahoo.com,Female,2XL,Crimson
348,Radcliffe,Purchall,rpurchall9n@delicious.com,Male,XS,Indigo
349,Karl,Sinyard,ksinyard9o@economist.com,Male,XL,Maroon
350,Fanni,Whorton,fwhorton9p@nhs.uk,Female,L,Fuscia
351,Stesha,Wilber,swilber9q@nhs.uk,Female,,
352,Ravi,Playford,rplayford9r@spotify.com,Male,L,Purple
353,Chauncey,Kubicki,ckubicki9s@about.com,Male,3XL,Yellow
354,Ulick,Carville,ucarville9t@youtube.com,Male,S,Puce
355,Sheena,Eagle,seagle9u@tripadvisor.com,Female,XL,Mauv
356,Sergei,Alessandrini,salessandrini9v@seesaa.net,Male,L,Teal
357,Bobina,Gariff,bgariff9w@hibu.com,Female,L,Mauv
358,Wells,Templar,wtemplar9x@xing.com,Male,2XL,Goldenrod
359,Tod,Isakson,tisakson9y@thetimes.co.uk,Male,L,Aquamarine
360,Upton,Huggan,uhuggan9z@posterous.com,Male,M,Orange
361,Lise,Stork,lstorka0@homestead.com,Female,2XL,Blue
362,Hailee,Eastop,heastopa1@skyrock.com,Female,3XL,Fuscia
363,Cleavland,Berzons,cberzonsa2@spiegel.de,Male,M,Fuscia
364,Gustavo,Iacovacci,giacovaccia3@howstuffworks.com,Male,XS,Maroon
365,Claribel,Bonavia,cbonaviaa4@ebay.co.uk,Female,2XL,Teal
366,Libby,Leipold,lleipolda5@youku.com,Female,XS,Maroon
367,Cory,Heaviside,cheavisidea6@histats.com,Male,M,Teal
368,Tallia,Burnett,tburnetta7@webs.com,Female,2XL,Khaki
369,Norton,Mayhow,nmayhowa8@csmonitor.com,Male,2XL,Violet
370,Cesare,Jones,cjonesa9@scientificamerican.com,Male,L,Pink
371,Sergeant,Winscomb,swinscombaa@admin.ch,Male,,
372,Clarke,Hackinge,chackingeab@mail.ru,Male,XS,Maroon
373,Chester,Peirson,cpeirsonac@uol.com.br,Male,M,Fuscia
374,Annmaria,Jiruch,ajiruchad@dot.gov,Female,M,Maroon
375,Anett,Boundey,aboundeyae@cam.ac.uk,Female,XL,Orange
376,Adiana,Tsarovic,atsarovicaf@google.co.uk,Female,XL,Violet
377,Anderea,Santore,asantoreag@fc2.com,Female,M,Mauv
378,Owen,Garnam,ogarnamah@google.com.hk,Male,3XL,Puce
379,Fredek,Bottinelli,fbottinelliai@howstuffworks.com,Male,,
380,Sigvard,Orriss,sorrissaj@marriott.com,Male,XL,Yellow
381,Miguela,Verbeke,mverbekeak@unicef.org,Female,M,Violet
382,Carmine,Wiersma,cwiersmaal@guardian.co.uk,Female,XS,Mauv
383,Melania,Luttger,mluttgeram@wikimedia.org,Female,XS,Indigo
384,Quinn,Borles,qborlesan@gnu.org,Female,L,Turquoise
385,Georgi,Tiner,gtinerao@github.io,Male,S,Yellow
386,Cristian,Blaycock,cblaycockap@webeden.co.uk,Male,XL,Puce
387,Fulvia,Vallance,fvallanceaq@merriam-webster.com,Female,S,Yellow
388,Denyse,Edmundson,dedmundsonar@netscape.com,Female,XS,Red
389,Isak,Nekrews,inekrewsas@gizmodo.com,Male,M,Violet
390,Phaidra,Caddick,pcaddickat@baidu.com,Female,L,Indigo
391,,Tison,ltisonau@chicagotribune.com,Male,XS,Turquoise
392,Ray,Oxbie,roxbieav@virginia.edu,Female,XL,Maroon
393,Ree,Ezele,rezeleaw@berkeley.edu,Female,L,Teal
394,Ryley,Larby,rlarbyax@google.nl,Male,3XL,Turquoise
395,Cathe,Thurber,cthurberay@wordpress.org,Female,,
396,Barnie,Depka,bdepkaaz@163.com,Male,M,Red
397,Jerrie,Kloss,jklossb0@edublogs.org,Male,L,Red
398,Prescott,Naul,pnaulb1@microsoft.com,Male,L,Indigo
399,Ange,Traill,atraillb2@histats.com,Male,2XL,Aquamarine
400,Catriona,McMenamy,cmcmenamyb3@reference.com,Female,3XL,Maroon
401,Cloris,Link,clinkb4@msn.com,Female,2XL,Blue
402,Teodoro,Pocke,tpockeb5@eventbrite.com,Male,L,Khaki
403,Luise,Dawber,ldawberb6@zimbio.com,Female,L,Puce
404,Adam,Cherryman,acherrymanb7@chronoengine.com,Male,XL,Red
405,Worthy,Pfeifer,wpfeiferb8@odnoklassniki.ru,Male,M,Fuscia
406,Baxy,Maiklem,bmaiklemb9@biblegateway.com,Male,XS,Turquoise
407,Morgan,D'eathe,mdeatheba@sourceforge.net,Male,3XL,Goldenrod
408,Rose,Cejka,rcejkabb@hostgator.com,Female,XL,Puce
409,Yancy,Sutehall,ysutehallbc@blog.com,Male,L,Yellow
410,Mal,Lubman,mlubmanbd@wikispaces.com,Male,S,Aquamarine
411,Bernelle,Erdes,berdesbe@free.fr,Female,M,Indigo
412,Fabe,Austin,faustinbf@soup.io,Male,XL,Goldenrod
413,Enrika,Obin,eobinbg@netlog.com,Female,,
414,Pepe,Deeble,pdeeblebh@unicef.org,Male,L,Pink
415,Currie,Matuszewski,cmatuszewskibi@mac.com,Male,L,Green
416,Graehme,Strathe,gstrathebj@feedburner.com,Male,S,Goldenrod
417,Noland,Bonnell,nbonnellbk@istockphoto.com,Male,,
418,Onida,Cassley,ocassleybl@irs.gov,Female,XL,Mauv
419,Pierre,Milvarnie,pmilvarniebm@t.co,Male,S,Teal
420,Arnold,McGillicuddy,amcgillicuddybn@ifeng.com,Male,2XL,Teal
421,Donnie,Buy,dbuybo@barnesandnoble.com,Female,L,Khaki
422,Erv,Skoate,eskoatebp@zdnet.com,Male,M,Red
423,Kristofor,Khristoforov,kkhristoforovbq@constantcontact.com,Male,2XL,Blue
424,Armin,Downs,adownsbr@bloomberg.com,Male,L,Orange
425,,Dargan,kdarganbs@addthis.com,Male,M,Yellow
426,Deva,Orchard,dorchardbt@ft.com,Female,2XL,Indigo
427,Bengt,Musicka,bmusickabu@accuweather.com,Male,M,Turquoise
428,Camila,Pinyon,cpinyonbv@independent.co.uk,Female,L,Crimson
429,Shelley,Sheahan,ssheahanbw@samsung.com,Female,XS,Blue
430,,Cutbush,jcutbushbx@ibm.com,Female,2XL,Violet
431,Alan,Strognell,astrognellby@trellian.com,Male,XL,Indigo
432,Idalina,Ganniclifft,iganniclifftbz@apple.com,Female,M,Green
433,Chanda,Mac Giany,cmacgianyc0@freewebs.com,Female,XS,Teal
434,Leonerd,Bartkiewicz,lbartkiewiczc1@paypal.com,Male,L,Green
435,Joyce,Kellert,jkellertc2@nasa.gov,Female,XL,Teal
436,Leonard,Donet,ldonetc3@nasa.gov,Male,2XL,Aquamarine
437,Sid,Scheu,sscheuc4@cbc.ca,Male,L,Red
438,Shel,Grafham,sgrafhamc5@instagram.com,Female,S,Orange
439,Bert,Vynall,bvynallc6@dailymotion.com,Male,XL,Violet
440,Berthe,Mitkcov,bmitkcovc7@msu.edu,Female,3XL,Pink
441,Garey,Plumbe,gplumbec8@noaa.gov,Male,2XL,Teal
442,Stillman,Arrundale,sarrundalec9@list-manage.com,Male,XS,Violet
443,Daron,Cockerell,dcockerellca@sciencedaily.com,Male,XS,Khaki
444,,Newdick,rnewdickcb@ezinearticles.com,Male,L,Maroon
445,Morly,Skivington,mskivingtoncc@nyu.edu,Male,XL,Purple
446,Hirsch,Simonsson,hsimonssoncd@simplemachines.org,Male,XS,Crimson
447,Maurine,Taggerty,mtaggertyce@hud.gov,Female,S,Goldenrod
448,Wynn,Billanie,wbillaniecf@upenn.edu,Female,M,Violet
449,Wendel,Mailey,wmaileycg@nasa.gov,Male,2XL,Maroon
450,Ethelred,Moen,emoench@harvard.edu,Male,M,Red
451,Waverley,Polkinhorn,wpolkinhornci@sciencedirect.com,Male,2XL,Khaki
452,,Dowyer,rdowyercj@github.io,Male,L,Purple
453,Aeriell,Walkey,awalkeyck@google.pl,Female,L,Goldenrod
454,Rancell,Youhill,ryouhillcl@cnn.com,Male,2XL,Khaki
455,Gennifer,Graundisson,ggraundissoncm@wordpress.org,Female,S,Pink
456,Leupold,Lohering,lloheringcn@psu.edu,Male,S,Indigo
457,Ivar,Simmell,isimmellco@blogs.com,Male,XL,Teal
458,Pollyanna,Guerra,pguerracp@yahoo.com,Female,L,Red
459,Gideon,Chaplin,gchaplincq@mozilla.org,Male,3XL,Indigo
460,Ardelis,Nottingam,anottingamcr@usnews.com,Female,M,Red
461,,Belvard,kbelvardcs@bigcartel.com,Male,3XL,Red
462,Freeman,Bedford,fbedfordct@amazon.de,Male,3XL,Fuscia
463,Stormi,Pideon,spideoncu@tiny.cc,Female,XL,Green
464,Cord,Wadie,cwadiecv@stumbleupon.com,Male,S,Aquamarine
465,Oswald,Pitcaithley,opitcaithleycw@msu.edu,Male,M,Red
466,Hall,Pedro,hpedrocx@si.edu,Male,,
467,Lela,Ashwell,lashwellcy@geocities.com,Female,XS,Fuscia
468,Carlye,Finding,cfindingcz@psu.edu,Female,XS,Green
469,Rossy,Bilson,rbilsond0@va.gov,Male,XS,Red
470,Karlie,Boshers,kboshersd1@zimbio.com,Female,S,Orange
471,Amalia,Geffcock,ageffcockd2@army.mil,Female,2XL,Maroon
472,Ford,Bestwick,fbestwickd3@freewebs.com,Male,M,Pink
473,Loria,Gittoes,lgittoesd4@indiatimes.com,Female,XL,Red
474,Curry,Bruneton,cbrunetond5@xinhuanet.com,Male,L,Goldenrod
475,Goddard,Lorinez,glorinezd6@cloudflare.com,Male,M,Puce
476,Barron,Smead,bsmeadd7@amazon.co.uk,Male,M,Teal
477,Brand,Wearing,bwearingd8@google.co.jp,Male,S,Green
478,Keith,Sumsion,ksumsiond9@macromedia.com,Male,M,Maroon
479,Gerrie,Hubbins,ghubbinsda@state.gov,Female,3XL,Aquamarine
480,Estrellita,Ridgers,eridgersdb@infoseek.co.jp,Female,XS,Crimson
481,Pryce,Mattack,pmattackdc@w3.org,Male,,
482,Georgi,Feyer,gfeyerdd@samsung.com,Male,L,Puce
483,Kristofer,Catanheira,kcatanheirade@blog.com,Male,3XL,Puce
484,Fania,Tootin,ftootindf@state.gov,Female,XL,Teal
485,Verne,Barsam,vbarsamdg@sogou.com,Male,S,Indigo
486,Saunderson,Wortman,swortmandh@archive.org,Male,3XL,Puce
487,Conrad,Rist,cristdi@themeforest.net,Male,,
488,Katrina,Llorente,kllorentedj@lycos.com,Female,2XL,Teal
489,Johna,Vettore,jvettoredk@unesco.org,Female,M,Mauv
490,Vilma,Wyburn,vwyburndl@odnoklassniki.ru,Female,XS,Crimson
491,Juliet,Martins,jmartinsdm@hugedomains.com,Female,3XL,Goldenrod
492,Bekki,Aspole,baspoledn@house.gov,Female,XS,Orange
493,,Veltmann,dveltmanndo@purevolume.com,Female,XS,Fuscia
494,Augy,Letertre,aletertredp@indiatimes.com,Male,3XL,Crimson
495,Odo,Pigne,opignedq@archive.org,Male,S,Red
496,Charlena,Wink,cwinkdr@webs.com,Female,XS,Goldenrod
497,Shalom,Kamena,skamenads@pagesperso-orange.fr,Male,M,Aquamarine
498,Davie,Giacopello,dgiacopellodt@eventbrite.com,Male,3XL,Maroon
499,Aarika,Risbie,arisbiedu@sohu.com,Female,S,Indigo
500,Idelle,Keitch,ikeitchdv@canalblog.com,Female,2XL,Pink
501,Paolina,Shephard,pshepharddw@npr.org,Female,XS,Crimson
502,Velvet,Krause,vkrausedx@nationalgeographic.com,Female,L,Pink
503,Krishna,Niset,knisetdy@github.io,Male,2XL,Turquoise
504,Harli,Whyffen,hwhyffendz@com.com,Female,M,Turquoise
505,Kamila,Shattock,kshattocke0@geocities.jp,Female,L,Goldenrod
506,Lavinie,Blenkhorn,lblenkhorne1@artisteer.com,Female,L,Violet
507,Ferdinand,Beresfore,fberesforee2@joomla.org,Male,XL,Turquoise
508,Alric,Sprankling,aspranklinge3@icq.com,Male,2XL,Pink
509,Daffi,Cornilli,dcornillie4@google.co.jp,Female,L,Khaki
510,Edna,Grzelewski,egrzelewskie5@jiathis.com,Female,,
511,Jemmie,Gutsell,jgutselle6@cornell.edu,Female,XS,Goldenrod
512,Magdalena,Nilles,mnillese7@twitpic.com,Female,,
513,Somerset,Bowden,sbowdene8@blog.com,Male,2XL,Red
514,Minta,Punter,mpuntere9@squarespace.com,Female,XL,Orange
515,Ray,Bosse,rbosseea@aol.com,Female,L,Crimson
516,Rochelle,Runsey,rrunseyeb@marketwatch.com,Female,,
517,Clarette,Aindrais,caindraisec@squidoo.com,Female,XL,Violet
518,Winston,Ropcke,wropckeed@state.gov,Male,XS,Pink
519,Olympia,Heistermann,oheistermannee@google.nl,Female,XS,Turquoise
520,Whitaker,Bottoner,wbottoneref@etsy.com,Male,XL,Pink
521,Nicoli,McIlwain,nmcilwaineg@ning.com,Female,,
522,Brigham,Arkley,barkleyeh@wiley.com,Male,M,Fuscia
523,Basil,Brockwell,bbrockwellei@dmoz.org,Male,S,Teal
524,Jared,Coombe,jcoombeej@sitemeter.com,Male,L,Purple
525,Katrine,Banaszewski,kbanaszewskiek@netlog.com,Female,M,Maroon
526,Fredelia,Joney,fjoneyel@behance.net,Female,2XL,Teal
527,Anson,Buckingham,abuckinghamem@sitemeter.com,Male,3XL,Khaki
528,Novelia,Vearnals,nvearnalsen@cornell.edu,Female,XS,Pink
529,Crystal,Jervois,cjervoiseo@goodreads.com,Female,XS,Turquoise
530,Tally,Habbin,thabbinep@jigsy.com,Female,XL,Puce
531,Jereme,Edelman,jedelmaneq@addthis.com,Male,XL,Purple
532,Codie,Railton,crailtoner@sbwire.com,Female,3XL,Aquamarine
533,Flossy,Gerardet,fgerardetes@alexa.com,Female,,
534,Belia,Jaouen,bjaouenet@howstuffworks.com,Female,2XL,Crimson
535,Brigid,Osmund,bosmundeu@wix.com,Female,2XL,Fuscia
536,Adeline,Brunstan,abrunstanev@disqus.com,Female,2XL,Puce
537,Cherianne,McCready,cmccreadyew@sina.com.cn,Female,XS,Blue
538,Donn,Balchen,dbalchenex@marriott.com,Male,M,Turquoise
539,Darcy,Jeanon,djeanoney@google.de,Male,XS,Khaki
540,,Kobpal,akobpalez@uiuc.edu,Female,2XL,Orange
541,,Sheahan,dsheahanf0@goodreads.com,Female,S,Violet
542,Diannne,Howat,dhowatf1@sfgate.com,Female,XL,Pink
543,,Fylan,efylanf2@mtv.com,Male,M,Puce
544,Orlan,Prenty,oprentyf3@pinterest.com,Male,XS,Orange
545,Allayne,Dagger,adaggerf4@bandcamp.com,Male,XL,Yellow
546,Roscoe,Furzey,rfurzeyf5@biglobe.ne.jp,Male,XL,Teal
547,Carmine,Vater,cvaterf6@arizona.edu,Female,S,Puce
548,Shayla,Matterson,smattersonf7@arizona.edu,Female,2XL,Orange
549,Burton,Jamme,bjammef8@tumblr.com,Male,M,Goldenrod
550,Jeana,Ivushkin,jivushkinf9@bizjournals.com,Female,3XL,Mauv
551,Benedikta,Cullington,bcullingtonfa@instagram.com,Female,3XL,Blue
552,Urbain,Allott,uallottfb@hexun.com,Male,XL,Fuscia
553,Barris,Emmanueli,bemmanuelifc@sohu.com,Male,M,Fuscia
554,Sharon,Domnin,sdomninfd@nba.com,Female,2XL,Fuscia
555,Chuck,Siehard,csiehardfe@360.cn,Male,3XL,Green
556,Brandy,Kocher,bkocherff@chicagotribune.com,Male,XL,Orange
557,Rudolfo,Headan,rheadanfg@behance.net,Male,2XL,Yellow
558,Daffie,Cometti,dcomettifh@cdc.gov,Female,L,Khaki
559,Dael,Skehan,dskehanfi@dailymail.co.uk,Female,XL,Mauv
560,Ches,Fillon,cfillonfj@shutterfly.com,Male,,
561,Linnet,Ruger,lrugerfk@cbslocal.com,Female,2XL,Yellow
562,Amaleta,Stiffell,astiffellfl@msu.edu,Female,S,Purple
563,Michale,Lakin,mlakinfm@spiegel.de,Male,XS,Puce
564,Booth,Shorrock,bshorrockfn@bloomberg.com,Male,XL,Violet
565,Maddy,McGrail,mmcgrailfo@ow.ly,Female,M,Yellow
566,Darryl,Simmonett,dsimmonettfp@dyndns.org,Female,2XL,Crimson
567,Granny,Clarricoates,gclarricoatesfq@bloglines.com,Male,XL,Green
568,Vail,Yoslowitz,vyoslowitzfr@boston.com,Male,S,Orange
569,Brockie,Wannes,bwannesfs@ustream.tv,Male,XS,Green
570,Korney,Epsly,kepslyft@nature.com,Female,XL,Yellow
571,Ingmar,Pointer,ipointerfu@gravatar.com,Male,M,Pink
572,Eulalie,Harse,eharsefv@1und1.de,Female,M,Pink
573,Prue,Bythway,pbythwayfw@ezinearticles.com,Female,3XL,Mauv
574,Eddy,Rushmer,erushmerfx@youtu.be,Male,L,Green
575,Christiano,Grisley,cgrisleyfy@printfriendly.com,Male,,
576,Nomi,Eckels,neckelsfz@canalblog.com,Female,S,Red
577,Jena,Farrey,jfarreyg0@nydailynews.com,Female,,
578,Bat,Saffon,bsaffong1@com.com,Male,S,Blue
579,Lulita,Sabin,lsabing2@altervista.org,Female,M,Red
580,Joe,Holbarrow,jholbarrowg3@geocities.com,Male,S,Fuscia
581,Jeanette,Aimeric,jaimericg4@nbcnews.com,Female,XL,Indigo
582,Nichols,Dinkin,ndinking5@dedecms.com,Male,XS,Blue
583,Bondy,Cousens,bcousensg6@sfgate.com,Male,2XL,Crimson
584,Serena,Carryer,scarryerg7@cdc.gov,Female,M,Red
585,Polly,Santacrole,psantacroleg8@vinaora.com,Female,,
586,Domenico,Lowthorpe,dlowthorpeg9@omniture.com,Male,XL,Puce
587,Kass,Breslauer,kbreslauerga@hubpages.com,Female,XL,Pink
588,Laureen,Zimmermanns,lzimmermannsgb@hud.gov,Female,M,Goldenrod
589,Hunt,Arlidge,harlidgegc@soundcloud.com,Male,2XL,Puce
590,Frants,Boskell,fboskellgd@omniture.com,Male,S,Mauv
591,Charo,Pammenter,cpammenterge@huffingtonpost.com,Female,XS,Purple
592,Lilla,Turban,lturbangf@theglobeandmail.com,Female,M,Blue
593,Ajay,Jayume,ajayumegg@dion.ne.jp,Female,XS,Fuscia
594,Martica,Tattersall,mtattersallgh@ycombinator.com,Female,M,Pink
595,Jojo,Piggrem,jpiggremgi@cloudflare.com,Female,XS,Orange
596,Griselda,Coushe,gcoushegj@china.com.cn,Female,M,Maroon
597,Colet,Fernley,cfernleygk@miibeian.gov.cn,Male,S,Teal
598,Blaire,Halladey,bhalladeygl@google.nl,Female,3XL,Goldenrod
599,Peta,Binge,pbingegm@cocolog-nifty.com,Female,L,Indigo
600,Shandie,Wilderspoon,swilderspoongn@deliciousdays.com,Female,L,Violet
601,Dulcea,Phipps,dphippsgo@answers.com,Female,XL,Purple
602,Vivia,Workes,vworkesgp@foxnews.com,Female,3XL,Aquamarine
603,Loydie,Tricker,ltrickergq@t-online.de,Male,L,Red
604,Ofelia,Wolvey,owolveygr@columbia.edu,Female,M,Blue
605,Remy,Keems,rkeemsgs@artisteer.com,Female,2XL,Fuscia
606,Izzy,Bedbury,ibedburygt@msu.edu,Male,3XL,Fuscia
607,Obadiah,McWard,omcwardgu@mapy.cz,Male,S,Aquamarine
608,Lacie,Jepensen,ljepensengv@cafepress.com,Female,3XL,Puce
609,Jonell,Vynoll,jvynollgw@ehow.com,Female,XL,Khaki
610,Tynan,Twentyman,ttwentymangx@paginegialle.it,Male,XL,Fuscia
611,Ashleigh,Longega,alongegagy@last.fm,Female,2XL,Orange
612,Caesar,Capelen,ccapelengz@arstechnica.com,Male,XS,Puce
613,Ami,Griniov,agriniovh0@msn.com,Female,M,Puce
614,Lorrin,Vale,lvaleh1@phpbb.com,Female,S,Goldenrod
615,Tiphanie,Mustarde,tmustardeh2@yelp.com,Female,M,Turquoise
616,,Kemwall,ekemwallh3@bing.com,Female,3XL,Turquoise
617,,Winskill,jwinskillh4@fda.gov,Male,S,Turquoise
618,Saleem,Marchbank,smarchbankh5@ifeng.com,Male,S,Orange
619,Cobby,Odom,codomh6@t-online.de,Male,S,Khaki
620,Esdras,Malthouse,emalthouseh7@gnu.org,Male,M,Violet
621,Ara,Stickells,astickellsh8@about.me,Female,XS,Turquoise
622,Frances,Carrigan,fcarriganh9@time.com,Female,2XL,Pink
623,Bryce,Buche,bbucheha@salon.com,Male,L,Indigo
624,Wally,Sunderland,wsunderlandhb@springer.com,Female,XS,Violet
625,,Catcherside,bcatchersidehc@facebook.com,Female,L,Blue
626,Aldin,Graith,agraithhd@imgur.com,Male,XL,Mauv
627,Val,Coultas,vcoultashe@technorati.com,Female,M,Turquoise
628,Carol-jean,Beauchamp,cbeauchamphf@goo.ne.jp,Female,3XL,Khaki
629,Donica,Stewartson,dstewartsonhg@cbsnews.com,Female,3XL,Indigo
630,Case,Gallon,cgallonhh@studiopress.com,Male,,
631,,Calliss,bcallisshi@ucsd.edu,Male,3XL,Green
632,Dulcinea,Antonik,dantonikhj@addtoany.com,Female,2XL,Maroon
633,Jorgan,Gillison,jgillisonhk@hc360.com,Male,L,Purple
634,Clair,Louthe,clouthehl@histats.com,Male,L,Blue
635,Gracia,Schrader,gschraderhm@webs.com,Female,S,Goldenrod
636,Kesley,Rustan,krustanhn@google.ca,Female,,
637,Werner,Schulz,wschulzho@liveinternet.ru,Male,L,Purple
638,Aland,Wrightham,awrighthamhp@acquirethisname.com,Male,2XL,Teal
639,Margaretha,MacNally,mmacnallyhq@geocities.jp,Female,M,Indigo
640,Jacinda,Coushe,jcoushehr@geocities.com,Female,XS,Orange
641,Sallie,Tinklin,stinklinhs@mapy.cz,Female,XS,Orange
642,Emiline,Ordemann,eordemannht@sciencedaily.com,Female,XL,Puce
643,Miquela,Egiloff,megiloffhu@amazon.co.uk,Female,XL,Fuscia
644,Yvonne,Connell,yconnellhv@myspace.com,Female,S,Khaki
645,Brewster,Shovel,bshovelhw@ifeng.com,Male,3XL,Orange
646,Tricia,Cleare,tclearehx@hud.gov,Female,S,Orange
647,Jesse,Aronoff,jaronoffhy@google.co.uk,Male,XS,Orange
648,Gothart,Stannion,gstannionhz@soup.io,Male,3XL,Blue
649,Alameda,Wedderburn,awedderburni0@nifty.com,Female,XL,Yellow
650,Noble,Ower,noweri1@ehow.com,Male,3XL,Mauv
651,Aksel,Sivewright,asivewrighti2@facebook.com,Male,,
652,,MacCorley,rmaccorleyi3@wufoo.com,Female,M,Orange
653,Penelopa,Benezet,pbenezeti4@chronoengine.com,Female,3XL,Turquoise
654,Maurine,Paddie,mpaddiei5@pen.io,Female,XL,Maroon
655,Vida,Hiddersley,vhiddersleyi6@printfriendly.com,Female,S,Puce
656,Alexandros,Grieger,agriegeri7@huffingtonpost.com,Male,3XL,Khaki
657,Sinclair,Akrigg,sakriggi8@oaic.gov.au,Male,XL,Khaki
658,Felizio,Donizeau,fdonizeaui9@opensource.org,Male,XS,Crimson
659,Cesare,Benham,cbenhamia@samsung.com,Male,3XL,Maroon
660,Abba,Scholar,ascholarib@census.gov,Male,3XL,Green
661,Carla,Tolputt,ctolputtic@wordpress.com,Female,M,Aquamarine
662,Wilma,Weir,wweirid@merriam-webster.com,Female,XL,Puce
663,Elwin,Elms,eelmsie@businessweek.com,Male,M,Green
664,Niles,McIlvaney,nmcilvaneyif@trellian.com,Male,2XL,Blue
665,Tyrus,Missington,tmissingtonig@senate.gov,Male,3XL,Orange
666,Zechariah,Pentecust,zpentecustih@businessweek.com,Male,2XL,Puce
667,Christiano,Ellin,cellinii@dedecms.com,Male,L,Red
668,Sanders,Hugk,shugkij@apple.com,Male,3XL,Yellow
669,Brook,Domerc,bdomercik@microsoft.com,Male,XS,Pink
670,Marilee,Kighly,mkighlyil@mozilla.org,Female,2XL,Yellow
671,Bidget,Fawcitt,bfawcittim@t-online.de,Female,2XL,Blue
672,Constantina,Chanders,cchandersin@ezinearticles.com,Female,,
673,Elfie,Recke,ereckeio@unblog.fr,Female,3XL,Fuscia
674,Earle,McMorland,emcmorlandip@gnu.org,Male,3XL,Goldenrod
675,Martyn,Syce,msyceiq@intel.com,Male,M,Purple
676,Brandise,Silverwood,bsilverwoodir@si.edu,Female,XL,Teal
677,Pennie,McElhargy,pmcelhargyis@msu.edu,Female,3XL,Indigo
678,Garrard,Moules,gmoulesit@loc.gov,Male,M,Blue
679,Gustie,Sholem,gsholemiu@zimbio.com,Female,,
680,Hobey,Tudgay,htudgayiv@nyu.edu,Male,3XL,Blue
681,Sharl,Youell,syouelliw@youku.com,Female,3XL,Khaki
682,Kenyon,Druce,kdruceix@histats.com,Male,3XL,Purple
683,Jessee,Whisker,jwhiskeriy@ask.com,Male,,
684,Orion,Blindmann,oblindmanniz@list-manage.com,Male,S,Orange
685,Siegfried,Leggett,sleggettj0@topsy.com,Male,XL,Maroon
686,Che,Butt,cbuttj1@opensource.org,Male,,
687,Barbey,Berecloth,bbereclothj2@bloglovin.com,Female,3XL,Puce
688,Chandra,Lanmeid,clanmeidj3@geocities.com,Female,XL,Yellow
689,Derick,Do Rosario,ddorosarioj4@ehow.com,Male,XL,Indigo
690,Nehemiah,Takle,ntaklej5@si.edu,Male,2XL,Green
691,Kelsey,Simonett,ksimonettj6@wired.com,Male,2XL,Red
692,Seumas,Allderidge,sallderidgej7@vk.com,Male,2XL,Aquamarine
693,Edgar,Chasen,echasenj8@stumbleupon.com,Male,XS,Orange
694,Olivier,Sima,osimaj9@theguardian.com,Male,M,Violet
695,Beatrix,Dory,bdoryja@harvard.edu,Female,2XL,Green
696,Prissie,Wildbore,pwildborejb@chicagotribune.com,Female,2XL,Crimson
697,Ines,Laden,iladenjc@oracle.com,Female,2XL,Orange
698,Dyna,Kalinowsky,dkalinowskyjd@geocities.com,Female,M,Red
699,Anna-maria,Baynes,abaynesje@prweb.com,Female,3XL,Fuscia
700,Heindrick,Gilbanks,hgilbanksjf@scribd.com,Male,3XL,Turquoise
701,Daven,Ivkovic,divkovicjg@blogspot.com,Male,XL,Turquoise
702,Farly,Greensitt,fgreensittjh@so-net.ne.jp,Male,XS,Green
703,Lottie,Storre,lstorreji@nba.com,Female,M,Orange
704,Dolph,Lavender,dlavenderjj@indiegogo.com,Male,L,Blue
705,Felice,Hargrave,fhargravejk@wikispaces.com,Female,2XL,Crimson
706,Kerwin,Watsham,kwatshamjl@flickr.com,Male,M,Mauv
707,Dillie,Vautre,dvautrejm@cam.ac.uk,Male,XL,Fuscia
708,Crissy,Muston,cmustonjn@epa.gov,Female,L,Khaki
709,Enrica,Menear,emenearjo@timesonline.co.uk,Female,L,Indigo
710,Eudora,Bayns,ebaynsjp@earthlink.net,Female,L,Red
711,Mercie,Stangoe,mstangoejq@state.gov,Female,L,Fuscia
712,Horatio,Doers,hdoersjr@usa.gov,Male,2XL,Puce
713,Ford,Renny,frennyjs@uiuc.edu,Male,3XL,Fuscia
714,Emmit,Huby,ehubyjt@about.me,Male,2XL,Khaki
715,Aurelia,Woodburne,awoodburneju@wufoo.com,Female,3XL,Green
716,Hortensia,Klambt,hklambtjv@si.edu,Female,3XL,Green
717,Chan,Gauford,cgaufordjw@vkontakte.ru,Male,2XL,Yellow
718,Rosemonde,Winny,rwinnyjx@npr.org,Female,S,Pink
719,Rafaello,Bartolomeotti,rbartolomeottijy@storify.com,Male,M,Violet
720,Herbie,Union,hunionjz@baidu.com,Male,L,Goldenrod
721,Missy,Pyvis,mpyvisk0@opera.com,Female,XS,Blue
722,Hulda,Draayer,hdraayerk1@deviantart.com,Female,M,Aquamarine
723,Ingram,Meiner,imeinerk2@census.gov,Male,XL,Aquamarine
724,Steven,Chape,schapek3@cornell.edu,Male,3XL,Purple
725,Daren,Antonik,dantonikk4@github.com,Male,L,Mauv
726,Khalil,Drover,kdroverk5@aol.com,Male,XS,Red
727,Ulric,Grestye,ugrestyek6@canalblog.com,Male,XL,Goldenrod
728,Atalanta,Crandon,acrandonk7@elpais.com,Female,,
729,,Borgesio,bborgesiok8@usda.gov,Male,XS,Khaki
730,Ivett,Ashfull,iashfullk9@house.gov,Female,L,Green
731,Gretal,Rowntree,growntreeka@epa.gov,Female,M,Violet
732,,Gilliam,ggilliamkb@wordpress.org,Female,L,Violet
733,Florette,McGennis,fmcgenniskc@cyberchimps.com,Female,XL,Maroon
734,Helaine,Waller-Bridge,hwallerbridgekd@weather.com,Female,M,Maroon
735,Gordy,Jellico,gjellicoke@census.gov,Male,L,Khaki
736,Sky,Hovel,shovelkf@acquirethisname.com,Male,S,Puce
737,Hussein,Barg,hbargkg@studiopress.com,Male,M,Crimson
738,Delores,Coslett,dcoslettkh@mit.edu,Female,2XL,Turquoise
739,Ursala,Roughley,uroughleyki@blogspot.com,Female,XL,Turquoise
740,Jecho,Schimon,jschimonkj@scribd.com,Male,XS,Puce
741,Jackson,Klimke,jklimkekk@weibo.com,Male,2XL,Puce
742,Zackariah,Enser,zenserkl@army.mil,Male,XL,Violet
743,Daffie,O'Crowley,docrowleykm@gov.uk,Female,XL,Teal
744,Mignon,Murrell,mmurrellkn@theatlantic.com,Female,,
745,Hazel,Dener,hdenerko@jugem.jp,Male,L,Blue
746,Aubrie,Muckeen,amuckeenkp@latimes.com,Female,3XL,Aquamarine
747,,Lawrence,elawrencekq@ebay.co.uk,Female,XL,Yellow
748,Gayleen,Foxhall,gfoxhallkr@xing.com,Female,S,Purple
749,Marylou,Corser,mcorserks@va.gov,Female,M,Orange
750,Wallace,Warlawe,wwarlawekt@amazonaws.com,Male,2XL,Purple
751,Barnebas,Curr,bcurrku@vkontakte.ru,Male,XL,Purple
752,,Vondra,fvondrakv@shutterfly.com,Male,3XL,Purple
753,Annice,Scarlett,ascarlettkw@pinterest.com,Female,2XL,Mauv
754,Weston,Eringey,weringeykx@nih.gov,Male,XS,Violet
755,Mahmud,Seman,msemanky@loc.gov,Male,2XL,Turquoise
756,Tuckie,Cartner,tcartnerkz@columbia.edu,Male,M,Mauv
757,Tabbatha,Paulou,tpauloul0@amazon.de,Female,XS,Purple
758,Caryl,Ingray,cingrayl1@ow.ly,Male,L,Purple
759,Saw,Nutbeem,snutbeeml2@bloomberg.com,Male,S,Violet
760,,Inger,cingerl3@skype.com,Female,XS,Aquamarine
761,Dene,Cornock,dcornockl4@chronoengine.com,Male,S,Aquamarine
762,Sheffy,Pinniger,spinnigerl5@disqus.com,Male,XL,Pink
763,Ranice,Stainson,rstainsonl6@opera.com,Female,2XL,Puce
764,Simmonds,Edelston,sedelstonl7@quantcast.com,Male,S,Teal
765,Eugenia,Brailey,ebraileyl8@prnewswire.com,Female,M,Turquoise
766,Saxon,Roll,srolll9@squidoo.com,Male,XL,Goldenrod
767,Pat,Bithell,pbithellla@seesaa.net,Male,2XL,Yellow
768,Pepito,Dunthorne,pdunthornelb@g.co,Male,2XL,Fuscia
769,Locke,Tellenbroker,ltellenbrokerlc@360.cn,Male,S,Teal
770,Zorah,Dimelow,zdimelowld@sfgate.com,Female,L,Crimson
771,Donielle,Brigdale,dbrigdalele@cornell.edu,Female,2XL,Khaki
772,Dorthy,Luety,dluetylf@census.gov,Female,XS,Teal
773,Evered,Glozman,eglozmanlg@samsung.com,Male,XS,Violet
774,Serge,Jurgenson,sjurgensonlh@woothemes.com,Male,S,Pink
775,Phillipp,Athey,patheyli@dagondesign.com,Male,M,Pink
776,Walliw,Ioselev,wioselevlj@theatlantic.com,Female,2XL,Goldenrod
777,Sapphire,Iseton,sisetonlk@hugedomains.com,Female,XS,Maroon
778,Dickie,McIntosh,dmcintoshll@sphinn.com,Male,M,Red
779,Onfre,Grenshiels,ogrenshielslm@cargocollective.com,Male,S,Maroon
780,Aleksandr,MacGahey,amacgaheyln@bloglovin.com,Male,L,Aquamarine
781,Francklyn,Schermick,fschermicklo@cbc.ca,Male,XS,Green
782,Shani,Drinkale,sdrinkalelp@scientificamerican.com,Female,L,Goldenrod
783,Krishna,McMichan,kmcmichanlq@comsenz.com,Male,L,Turquoise
784,Melvyn,Arington,maringtonlr@google.com.hk,Male,L,Red
785,Maxy,Jackes,mjackesls@rambler.ru,Female,,
786,Trev,Harbord,tharbordlt@amazon.de,Male,L,Teal
787,Damian,Milillo,dmilillolu@mayoclinic.com,Male,XL,Green
788,Amber,Bruce,abrucelv@cyberchimps.com,Female,L,Teal
789,Morley,Rowcliffe,mrowcliffelw@webmd.com,Male,L,Maroon
790,Ivett,Harome,iharomelx@msu.edu,Female,2XL,Crimson
791,Clarie,Barkworth,cbarkworthly@deviantart.com,Female,2XL,Teal
792,Devonna,Makiver,dmakiverlz@arizona.edu,Female,L,Puce
793,Carroll,Rosenwald,crosenwaldm0@issuu.com,Male,XL,Teal
794,Juliet,Parades,jparadesm1@webs.com,Female,XL,Khaki
795,Tadio,Hartup,thartupm2@icq.com,Male,3XL,Green
796,Rriocard,Krysiak,rkrysiakm3@geocities.com,Male,3XL,Red
797,Felice,Jackson,fjacksonm4@techcrunch.com,Female,XL,Maroon
798,Trumaine,Grundle,tgrundlem5@mysql.com,Male,M,Yellow
799,Zebadiah,Klezmski,zklezmskim6@google.cn,Male,S,Indigo
800,Bobby,Pudney,bpudneym7@senate.gov,Female,L,Red
801,Elbert,Trangmar,etrangmarm8@posterous.com,Male,M,Goldenrod
802,Gonzalo,Winch,gwinchm9@nih.gov,Male,S,Red
803,Bald,Spraggs,bspraggsma@odnoklassniki.ru,Male,2XL,Orange
804,Grover,Falkner,gfalknermb@ow.ly,Male,L,Violet
805,Odele,Puig,opuigmc@fotki.com,Female,,
806,Whitney,Stapells,wstapellsmd@addtoany.com,Female,3XL,Purple
807,Parrnell,Guterson,pgutersonme@adobe.com,Male,XL,Turquoise
808,Lincoln,Castagnone,lcastagnonemf@yale.edu,Male,XL,Green
809,Kellen,Tees,kteesmg@upenn.edu,Male,XL,Crimson
810,Verney,Eidler,veidlermh@europa.eu,Male,M,Red
811,Rita,Merrett,rmerrettmi@devhub.com,Female,XL,Green
812,Maximilian,Thornally,mthornallymj@123-reg.co.uk,Male,S,Yellow
813,Ellene,Harrowing,eharrowingmk@networksolutions.com,Female,XS,Indigo
814,Ambros,Gonthard,agonthardml@yellowpages.com,Male,M,Violet
815,Kiley,Doorly,kdoorlymm@disqus.com,Female,3XL,Pink
816,Jerrie,Oguz,joguzmn@aol.com,Male,M,Puce
817,Lona,Pirozzi,lpirozzimo@mayoclinic.com,Female,XS,Indigo
818,Ashly,Mattessen,amattessenmp@163.com,Female,,
819,Tracee,Mewburn,tmewburnmq@wordpress.org,Female,M,Purple
820,,Glew,pglewmr@over-blog.com,Female,L,Teal
821,Kim,Heningham,kheninghamms@w3.org,Male,M,Fuscia
822,Wiatt,Mish,wmishmt@ibm.com,Male,3XL,Indigo
823,Melina,Carlan,mcarlanmu@usgs.gov,Female,2XL,Maroon
824,Cordelia,Filipychev,cfilipychevmv@home.pl,Female,L,Green
825,Tiler,Karlolak,tkarlolakmw@adobe.com,Male,M,Mauv
826,Horten,Oldred,holdredmx@omniture.com,Male,XS,Goldenrod
827,Valerie,Hannen,vhannenmy@surveymonkey.com,Female,XS,Aquamarine
828,,De Clairmont,pdeclairmontmz@bing.com,Male,2XL,Turquoise
829,Si,Fausch,sfauschn0@hatena.ne.jp,Male,M,Teal
830,Joana,Marlen,jmarlenn1@prlog.org,Female,M,Pink
831,Neely,Bowmaker,nbowmakern2@vk.com,Female,3XL,Turquoise
832,Lynn,Van Eeden,lvaneedenn3@webs.com,Male,L,Indigo
833,Xylia,Fayerman,xfayermann4@amazon.co.uk,Female,3XL,Purple
834,Erma,Kesey,ekeseyn5@wordpress.org,Female,XL,Purple
835,Ashly,Beale,abealen6@xinhuanet.com,Female,2XL,Turquoise
836,Gian,Laxston,glaxstonn7@furl.net,Male,,
837,Ilyse,Gaymer,igaymern8@dmoz.org,Female,S,Yellow
838,Harry,Twelves,htwelvesn9@answers.com,Male,S,Teal
839,Felic,Amiss,famissna@php.net,Male,S,Maroon
840,Noelani,Kiera,nkieranb@tumblr.com,Female,XS,Blue
841,Shoshana,Danneil,sdanneilnc@google.es,Female,M,Crimson
842,Washington,Raywood,wraywoodnd@washington.edu,Male,XS,Green
843,Sauncho,Falcus,sfalcusne@quantcast.com,Male,S,Pink
844,Jaime,Maddison,jmaddisonnf@washington.edu,Male,M,Violet
845,Whitaker,Philippe,wphilippeng@newsvine.com,Male,2XL,Aquamarine
846,Meagan,Climance,mclimancenh@weebly.com,Female,S,Indigo
847,Jodie,Ahrenius,jahreniusni@homestead.com,Female,XL,Blue
848,Anette,Coules,acoulesnj@house.gov,Female,L,Red
849,Cleavland,Bulbrook,cbulbrooknk@parallels.com,Male,2XL,Pink
850,Russ,Bielfeldt,rbielfeldtnl@webmd.com,Male,3XL,Maroon
851,Vikki,Lemerle,vlemerlenm@amazon.de,Female,L,Aquamarine
852,Petra,McCrackan,pmccrackannn@linkedin.com,Female,L,Khaki
853,Carmencita,Fishburn,cfishburnno@newyorker.com,Female,L,Fuscia
854,Godiva,Main,gmainnp@multiply.com,Female,2XL,Green
855,Hamnet,Van Ross,hvanrossnq@unblog.fr,Male,S,Blue
856,Gregorius,Clamp,gclampnr@stumbleupon.com,Male,XL,Red
857,,Bauduin,cbauduinns@usa.gov,Female,3XL,Blue
858,Esra,Shurmer,eshurmernt@typepad.com,Male,XL,Red
859,Jacquenette,McGaughie,jmcgaughienu@patch.com,Female,2XL,Violet
860,Rowe,Galier,rgaliernv@e-recht24.de,Female,3XL,Mauv
861,Lon,Stretton,lstrettonnw@nps.gov,Male,3XL,Violet
862,Maribelle,Conyer,mconyernx@dyndns.org,Female,XL,Puce
863,Hillery,Sandes,hsandesny@eepurl.com,Male,,
864,Nanine,Jaspar,njasparnz@princeton.edu,Female,XS,Blue
865,Blanche,Barrim,bbarrimo0@opera.com,Female,2XL,Blue
866,Henrik,Scouse,hscouseo1@bravesites.com,Male,S,Crimson
867,Jessee,Suff,jsuffo2@linkedin.com,Male,L,Yellow
868,,Yushmanov,dyushmanovo3@pagesperso-orange.fr,Female,2XL,Maroon
869,Augustine,Fulstow,afulstowo4@163.com,Female,M,Crimson
870,Ki,Mordecai,kmordecaio5@xinhuanet.com,Female,XS,Red
871,Averell,Brigman,abrigmano6@google.fr,Male,3XL,Teal
872,,Kahen,nkaheno7@e-recht24.de,Female,XS,Puce
873,Mattias,Cranney,mcranneyo8@npr.org,Male,XS,Fuscia
874,Karlie,Finlayson,kfinlaysono9@wikipedia.org,Female,XS,Orange
875,Brook,Keepin,bkeepinoa@go.com,Female,2XL,Aquamarine
876,Dorey,Lisciandri,dlisciandriob@forbes.com,Female,2XL,Turquoise
877,Ogdan,Calvert,ocalvertoc@goo.gl,Male,3XL,Pink
878,Daisi,Vigne,dvigneod@networkadvertising.org,Female,XL,Fuscia
879,,Janus,vjanusoe@chronoengine.com,Female,3XL,Violet
880,Atalanta,Killough,akilloughof@jalbum.net,Female,XS,Teal
881,Clayson,Walbrun,cwalbrunog@people.com.cn,Male,3XL,Crimson
882,Bogart,Knudsen,bknudsenoh@symantec.com,Male,XL,Teal
883,Hayyim,Pockey,hpockeyoi@nbcnews.com,Male,S,Fuscia
884,Carmela,Cossins,ccossinsoj@fc2.com,Female,M,Yellow
885,,Tann,ctannok@wufoo.com,Female,L,Blue
886,Lynnet,Roseman,lrosemanol@homestead.com,Female,M,Pink
887,Timmy,Manjin,tmanjinom@tumblr.com,Female,XL,Indigo
888,Artemus,MacCosty,amaccostyon@unc.edu,Male,M,Blue
889,Cal,Di Pietro,cdipietrooo@mlb.com,Female,XS,Aquamarine
890,Tess,Attoc,tattocop@upenn.edu,Female,S,Violet
891,Nichols,Ovett,novettoq@pagesperso-orange.fr,Male,L,Goldenrod
892,Jessi,Camber,jcamberor@pagesperso-orange.fr,Female,2XL,Mauv
893,Rosemarie,Graveston,rgravestonos@twitter.com,Female,XL,Puce
894,Maximo,Petrichat,mpetrichatot@webnode.com,Male,3XL,Orange
895,Edsel,Faulconbridge,efaulconbridgeou@stumbleupon.com,Male,L,Goldenrod
896,Padgett,Wealleans,pwealleansov@washington.edu,Male,3XL,Maroon
897,Ethelred,Earnshaw,eearnshawow@slashdot.org,Male,M,Crimson
898,Gavra,Curness,gcurnessox@reference.com,Female,2XL,Indigo
899,Jehu,Woollhead,jwoollheadoy@weebly.com,Male,3XL,Red
900,Randal,Vaan,rvaanoz@home.pl,Male,3XL,Khaki
901,Nicky,Brittian,nbrittianp0@oracle.com,Female,M,Khaki
902,Ardyce,Moller,amollerp1@ovh.net,Female,3XL,Green
903,Felita,Waskett,fwaskettp2@intel.com,Female,3XL,Maroon
904,Elsy,Swain,eswainp3@indiatimes.com,Female,XL,Indigo
905,Wanids,Girdlestone,wgirdlestonep4@paypal.com,Female,L,Mauv
906,Janeva,Solloway,jsollowayp5@mtv.com,Female,2XL,Blue
907,Karena,Colleer,kcolleerp6@mysql.com,Female,2XL,Yellow
908,Opaline,Kemitt,okemittp7@rediff.com,Female,3XL,Aquamarine
909,Heath,Maysor,hmaysorp8@altervista.org,Female,M,Green
910,Minna,Lube,mlubep9@google.co.uk,Female,M,Puce
911,Noni,Webber,nwebberpa@geocities.com,Female,L,Crimson
912,,Bewley,jbewleypb@harvard.edu,Female,M,Maroon
913,Harlin,Ladds,hladdspc@1und1.de,Male,,
914,Egor,Brodest,ebrodestpd@stanford.edu,Male,XL,Goldenrod
915,Jervis,Fenech,jfenechpe@gnu.org,Male,S,Blue
916,Carolee,Leckey,cleckeypf@hp.com,Female,L,Crimson
917,Ariel,Biles,abilespg@stanford.edu,Female,XL,Orange
918,,Paliser,lpaliserph@theguardian.com,Female,XS,Blue
919,Barbara-anne,Glide,bglidepi@netlog.com,Female,L,Khaki
920,Emalee,Gillebert,egillebertpj@ed.gov,Female,L,Mauv
921,Ruby,Ferrick,rferrickpk@sfgate.com,Male,M,Green
922,Ignacio,Colton,icoltonpl@liveinternet.ru,Male,XL,Fuscia
923,Adrienne,Middas,amiddaspm@t-online.de,Female,XL,Mauv
924,Marietta,Jasper,mjasperpn@who.int,Male,2XL,Indigo
925,Oralla,Aggis,oaggispo@angelfire.com,Female,XS,Turquoise
926,Tedie,Lynnitt,tlynnittpp@independent.co.uk,Male,3XL,Goldenrod
927,Theda,Cowle,tcowlepq@nytimes.com,Female,2XL,Orange
928,Howard,Grabb,hgrabbpr@wp.com,Male,2XL,Green
929,Beth,Long,blongps@census.gov,Female,S,Violet
930,Dawn,Tarney,dtarneypt@shinystat.com,Female,XL,Teal
931,Nils,Dumphy,ndumphypu@fc2.com,Male,2XL,Puce
932,Lion,Chestnutt,lchestnuttpv@nature.com,Male,XS,Puce
933,Isahella,Inseal,iinsealpw@yelp.com,Female,3XL,Purple
934,Loleta,Fitzsimon,lfitzsimonpx@altervista.org,Female,,
935,Myrtice,Hearns,mhearnspy@vk.com,Female,XL,Indigo
936,Devina,Najara,dnajarapz@aboutads.info,Female,2XL,Puce
937,,MacDermand,lmacdermandq0@meetup.com,Male,S,Goldenrod
938,Teddie,Stapley,tstapleyq1@phpbb.com,Female,XS,Orange
939,Katine,Elderfield,kelderfieldq2@yahoo.co.jp,Female,S,Blue
940,Clair,Boij,cboijq3@tumblr.com,Male,XL,Fuscia
941,Deane,Rouzet,drouzetq4@tamu.edu,Female,XS,Orange
942,,Feek,pfeekq5@intel.com,Female,2XL,Aquamarine
943,Tucky,Mantle,tmantleq6@arstechnica.com,Male,2XL,Khaki
944,Alaric,Sturridge,asturridgeq7@w3.org,Male,S,Orange
945,Rebbecca,Olive,roliveq8@mac.com,Female,XL,Teal
946,Doloritas,Bembrigg,dbembriggq9@spotify.com,Female,2XL,Purple
947,Aida,Yakunchikov,ayakunchikovqa@diigo.com,Female,2XL,Green
948,Mendie,Queyeiro,mqueyeiroqb@ft.com,Male,M,Pink
949,Jodi,Backe,jbackeqc@i2i.jp,Female,XL,Yellow
950,Marsha,Maxted,mmaxtedqd@weibo.com,Female,M,Pink
951,Godfree,Sharphouse,gsharphouseqe@jugem.jp,Male,L,Goldenrod
952,Sara-ann,Kettles,skettlesqf@google.nl,Female,,
953,Tann,Scare,tscareqg@usatoday.com,Male,2XL,Purple
954,Winnifred,Yokley,wyokleyqh@wsj.com,Female,3XL,Goldenrod
955,Juditha,Limerick,jlimerickqi@google.es,Female,XS,Fuscia
956,Beckie,Spittal,bspittalqj@arizona.edu,Female,XL,Orange
957,Aristotle,Broadbury,abroadburyqk@foxnews.com,Male,2XL,Blue
958,Eli,Simchenko,esimchenkoql@examiner.com,Male,2XL,Orange
959,Nelli,Verrico,nverricoqm@wix.com,Female,XS,Khaki
960,Garnet,Gheerhaert,ggheerhaertqn@apple.com,Female,XL,Yellow
961,,Bottell,obottellqo@businesswire.com,Female,3XL,Khaki
962,Kalil,Stigers,kstigersqp@parallels.com,Male,S,Yellow
963,Renaud,Danahar,rdanaharqq@xing.com,Male,M,Red
964,Christal,Tremayne,ctremayneqr@java.com,Female,L,Purple
965,Ronny,Byham,rbyhamqs@pbs.org,Female,2XL,Aquamarine
966,Carmina,Tuny,ctunyqt@mac.com,Female,M,Mauv
967,Alix,O'Fallon,aofallonqu@livejournal.com,Female,XL,Mauv
968,Lulu,Goldstone,lgoldstoneqv@huffingtonpost.com,Female,M,Aquamarine
969,Obediah,Fawley,ofawleyqw@networkadvertising.org,Male,S,Red
970,Silvester,Northing,snorthingqx@ed.gov,Male,S,Indigo
971,Rusty,Jessett,rjessettqy@answers.com,Male,,
972,Cristy,Chaddock,cchaddockqz@yellowbook.com,Female,XL,Pink
973,Joya,Benson,jbensonr0@networkadvertising.org,Female,,
974,Homer,Kingaby,hkingabyr1@sakura.ne.jp,Male,XL,Goldenrod
975,Ekaterina,Aspinal,easpinalr2@issuu.com,Female,2XL,Fuscia
976,Budd,Gernier,bgernierr3@wsj.com,Male,XL,Mauv
977,Marnia,Tenant,mtenantr4@hhs.gov,Female,2XL,Indigo
978,Garret,Letterese,glettereser5@uiuc.edu,Male,XS,Green
979,Fanechka,Rough,froughr6@unesco.org,Female,,
980,Sarena,Kundt,skundtr7@washington.edu,Female,L,Green
981,Jervis,De Mattia,jdemattiar8@soundcloud.com,Male,XS,Blue
982,Florenza,Attrey,fattreyr9@printfriendly.com,Female,2XL,Violet
983,,Tolchard,atolchardra@photobucket.com,Male,3XL,Puce
984,Pauline,Hugin,phuginrb@w3.org,Female,2XL,Khaki
985,,Palluschek,hpalluschekrc@unc.edu,Male,,
986,Petronilla,Brecher,pbrecherrd@army.mil,Female,XS,Maroon
987,Alfonse,Guenther,aguentherre@g.co,Male,,
988,Suellen,Dalrymple,sdalrymplerf@berkeley.edu,Female,L,Mauv
989,Giorgia,Joinsey,gjoinseyrg@gizmodo.com,Female,3XL,Blue
990,Aleen,Delaprelle,adelaprellerh@jimdo.com,Female,3XL,Teal
991,Estrella,Kibblewhite,ekibblewhiteri@wiley.com,Female,2XL,Goldenrod
992,Annis,Keightley,akeightleyrj@booking.com,Female,L,Green
993,Roscoe,Partleton,rpartletonrk@netscape.com,Male,,
994,Lynsey,Perry,lperryrl@si.edu,Female,,
995,Lauren,Swaisland,lswaislandrm@state.gov,Male,S,Blue
996,Harbert,Sheer,hsheerrn@nytimes.com,Male,M,Yellow
997,Silvano,Ruckert,sruckertro@marriott.com,Male,,
998,Aland,Hedylstone,ahedylstonerp@jalbum.net,Male,S,Teal
999,Claudelle,Habberjam,chabberjamrq@geocities.com,Female,L,Aquamarine
1000,Iain,Ridsdole,iridsdolerr@51.la,Male,XS,Aquamarine
